<?xml version="1.0" encoding="UTF-8"?>
<objects serializationModel="Studio.02.02.00">
	<object class="MixerMaster" id="{1b6b6a82-bf71-4082-98c1-8f6de7f45229}">
		<property name="name">
			<value>Master Bus</value>
		</property>
		<relationship name="effectChain">
			<destination>{5ae18016-4a2f-456b-90f0-1f387f4ebacc}</destination>
		</relationship>
		<relationship name="panner">
			<destination>{8275a132-aa2f-4cc3-b658-db4b2641418f}</destination>
		</relationship>
		<relationship name="mixer">
			<destination>{a263905d-6189-456a-b904-9dc1eb551f0a}</destination>
		</relationship>
	</object>
	<object class="MixerBusEffectChain" id="{5ae18016-4a2f-456b-90f0-1f387f4ebacc}">
		<relationship name="effects">
			<destination>{753e6fd1-029c-487a-99a8-b934f1587dda}</destination>
		</relationship>
	</object>
	<object class="MixerBusPanner" id="{8275a132-aa2f-4cc3-b658-db4b2641418f}">
		<property name="overridingOutputFormat">
			<value>2</value>
		</property>
	</object>
	<object class="MixerBusFader" id="{753e6fd1-029c-487a-99a8-b934f1587dda}" />
</objects>
