<?xml version="1.0" encoding="UTF-8"?>
<objects serializationModel="Studio.02.02.00">
	<object class="Event" id="{5601ea78-0b9a-439b-8a81-06f83d764867}">
		<property name="name">
			<value>LightOn</value>
		</property>
		<property name="outputFormat">
			<value>0</value>
		</property>
		<relationship name="folder">
			<destination>{5367b964-9e07-48c7-b93b-216a810b1e61}</destination>
		</relationship>
		<relationship name="mixer">
			<destination>{895ec63a-1959-4963-b5a9-f5bf8b741e22}</destination>
		</relationship>
		<relationship name="masterTrack">
			<destination>{c61dda2f-91ac-4bb2-a5d9-01f8cd5c7f13}</destination>
		</relationship>
		<relationship name="mixerInput">
			<destination>{0d8d739c-3619-4d40-9a27-53682a3bd4f4}</destination>
		</relationship>
		<relationship name="automatableProperties">
			<destination>{db03e45f-4b98-4ebf-bba5-0f9703e9a08c}</destination>
		</relationship>
		<relationship name="markerTracks">
			<destination>{7239254b-60b3-4958-8057-61ec6a95161b}</destination>
		</relationship>
		<relationship name="timeline">
			<destination>{87050ed8-8c5b-414f-9eef-69580709adf3}</destination>
		</relationship>
		<relationship name="banks">
			<destination>{686e015c-188d-4ea6-aeff-49e7848abbc8}</destination>
		</relationship>
	</object>
	<object class="EventMixer" id="{895ec63a-1959-4963-b5a9-f5bf8b741e22}">
		<relationship name="masterBus">
			<destination>{d41f7aff-ea66-4b4e-8f59-4095412a5688}</destination>
		</relationship>
	</object>
	<object class="MasterTrack" id="{c61dda2f-91ac-4bb2-a5d9-01f8cd5c7f13}">
		<relationship name="modules">
			<destination>{ae7085d9-200a-45da-ad8d-975c4a5f8085}</destination>
		</relationship>
		<relationship name="mixerGroup">
			<destination>{d41f7aff-ea66-4b4e-8f59-4095412a5688}</destination>
		</relationship>
	</object>
	<object class="MixerInput" id="{0d8d739c-3619-4d40-9a27-53682a3bd4f4}">
		<relationship name="effectChain">
			<destination>{e63d7023-93c3-44fc-bdd7-5f7dceb880a6}</destination>
		</relationship>
		<relationship name="panner">
			<destination>{bbc3f540-42c6-4ca6-9f47-bdac503c5413}</destination>
		</relationship>
		<relationship name="output">
			<destination>{1b6b6a82-bf71-4082-98c1-8f6de7f45229}</destination>
		</relationship>
	</object>
	<object class="EventAutomatableProperties" id="{db03e45f-4b98-4ebf-bba5-0f9703e9a08c}" />
	<object class="MarkerTrack" id="{7239254b-60b3-4958-8057-61ec6a95161b}" />
	<object class="Timeline" id="{87050ed8-8c5b-414f-9eef-69580709adf3}">
		<relationship name="modules">
			<destination>{ae7085d9-200a-45da-ad8d-975c4a5f8085}</destination>
		</relationship>
	</object>
	<object class="EventMixerMaster" id="{d41f7aff-ea66-4b4e-8f59-4095412a5688}">
		<relationship name="effectChain">
			<destination>{864147c4-b85b-4510-b8ce-e62200daa578}</destination>
		</relationship>
		<relationship name="panner">
			<destination>{0a282a53-a3ae-4266-ac63-e718cb7a3e28}</destination>
		</relationship>
		<relationship name="mixer">
			<destination>{895ec63a-1959-4963-b5a9-f5bf8b741e22}</destination>
		</relationship>
	</object>
	<object class="SingleSound" id="{ae7085d9-200a-45da-ad8d-975c4a5f8085}">
		<property name="length">
			<value>0.125</value>
		</property>
		<relationship name="audioFile">
			<destination>{e246d28d-007b-41e3-8e3a-1ef10343599a}</destination>
		</relationship>
	</object>
	<object class="MixerBusEffectChain" id="{e63d7023-93c3-44fc-bdd7-5f7dceb880a6}">
		<relationship name="effects">
			<destination>{176d655e-dbb5-49c2-855b-3f6c42f046a1}</destination>
		</relationship>
	</object>
	<object class="MixerBusPanner" id="{bbc3f540-42c6-4ca6-9f47-bdac503c5413}" />
	<object class="MixerBusEffectChain" id="{864147c4-b85b-4510-b8ce-e62200daa578}">
		<relationship name="effects">
			<destination>{fc09136a-5d6f-41f9-b312-acd58351fdc8}</destination>
		</relationship>
	</object>
	<object class="MixerBusPanner" id="{0a282a53-a3ae-4266-ac63-e718cb7a3e28}" />
	<object class="MixerBusFader" id="{176d655e-dbb5-49c2-855b-3f6c42f046a1}" />
	<object class="MixerBusFader" id="{fc09136a-5d6f-41f9-b312-acd58351fdc8}" />
</objects>
