<?xml version="1.0" encoding="UTF-8"?>
<objects serializationModel="Studio.02.02.00">
	<object class="Event" id="{f478f884-f704-4007-86f5-8c8027886fb9}">
		<property name="name">
			<value>Movements</value>
		</property>
		<property name="outputFormat">
			<value>1</value>
		</property>
		<relationship name="folder">
			<destination>{5367b964-9e07-48c7-b93b-216a810b1e61}</destination>
		</relationship>
		<relationship name="mixer">
			<destination>{48bc6805-bdb9-497d-a387-e1b6dfaa91db}</destination>
		</relationship>
		<relationship name="masterTrack">
			<destination>{75acb731-eca5-4183-99ec-e4b45939cc94}</destination>
		</relationship>
		<relationship name="mixerInput">
			<destination>{73cce83c-f7c1-4e2a-b61a-5b8e15922b38}</destination>
		</relationship>
		<relationship name="automatableProperties">
			<destination>{e671d17a-9f65-45f4-a06b-fe85602873ff}</destination>
		</relationship>
		<relationship name="markerTracks">
			<destination>{b1d6befd-afa1-4d7c-8da0-8a8309698c6d}</destination>
		</relationship>
		<relationship name="groupTracks">
			<destination>{00f2815a-5a3e-4090-b91e-7a18d3b94e15}</destination>
		</relationship>
		<relationship name="timeline">
			<destination>{7db6a23d-9f6b-4c5b-b5f9-e7b607ba8dc6}</destination>
		</relationship>
		<relationship name="banks">
			<destination>{686e015c-188d-4ea6-aeff-49e7848abbc8}</destination>
		</relationship>
	</object>
	<object class="EventMixer" id="{48bc6805-bdb9-497d-a387-e1b6dfaa91db}">
		<relationship name="masterBus">
			<destination>{2caca941-231d-4f48-8b4a-13e26b4a7045}</destination>
		</relationship>
	</object>
	<object class="MasterTrack" id="{75acb731-eca5-4183-99ec-e4b45939cc94}">
		<relationship name="mixerGroup">
			<destination>{2caca941-231d-4f48-8b4a-13e26b4a7045}</destination>
		</relationship>
	</object>
	<object class="MixerInput" id="{73cce83c-f7c1-4e2a-b61a-5b8e15922b38}">
		<relationship name="effectChain">
			<destination>{9c95b2cb-001b-44e8-9290-b4ed2ee31927}</destination>
		</relationship>
		<relationship name="panner">
			<destination>{dc4ebf78-90b5-4fcc-8ce5-b77db9965067}</destination>
		</relationship>
		<relationship name="output">
			<destination>{1b6b6a82-bf71-4082-98c1-8f6de7f45229}</destination>
		</relationship>
	</object>
	<object class="EventAutomatableProperties" id="{e671d17a-9f65-45f4-a06b-fe85602873ff}" />
	<object class="MarkerTrack" id="{b1d6befd-afa1-4d7c-8da0-8a8309698c6d}" />
	<object class="GroupTrack" id="{00f2815a-5a3e-4090-b91e-7a18d3b94e15}">
		<relationship name="automationTracks">
			<destination>{527c138c-797b-405c-b144-97ea61df6f24}</destination>
		</relationship>
		<relationship name="modules">
			<destination>{b576bbb9-41e6-41e9-a43a-d4eed8dff2e6}</destination>
		</relationship>
		<relationship name="mixerGroup">
			<destination>{26979852-d02b-441d-b5ce-f68aa78893ca}</destination>
		</relationship>
	</object>
	<object class="Timeline" id="{7db6a23d-9f6b-4c5b-b5f9-e7b607ba8dc6}">
		<relationship name="modules">
			<destination>{b576bbb9-41e6-41e9-a43a-d4eed8dff2e6}</destination>
		</relationship>
	</object>
	<object class="EventMixerMaster" id="{2caca941-231d-4f48-8b4a-13e26b4a7045}">
		<relationship name="effectChain">
			<destination>{e7dac167-488c-43be-b825-375cf6853c4f}</destination>
		</relationship>
		<relationship name="panner">
			<destination>{3878ff96-5bb5-4952-82c6-11eaa2360c69}</destination>
		</relationship>
		<relationship name="mixer">
			<destination>{48bc6805-bdb9-497d-a387-e1b6dfaa91db}</destination>
		</relationship>
	</object>
	<object class="MixerBusEffectChain" id="{9c95b2cb-001b-44e8-9290-b4ed2ee31927}">
		<relationship name="effects">
			<destination>{93224d36-60f0-4c0d-8278-6a188980d979}</destination>
		</relationship>
	</object>
	<object class="MixerBusPanner" id="{dc4ebf78-90b5-4fcc-8ce5-b77db9965067}" />
	<object class="AutomationTrack" id="{527c138c-797b-405c-b144-97ea61df6f24}">
		<relationship name="automator">
			<destination>{46ab2dc5-88a9-45c5-9a20-52fb3ccd45c4}</destination>
		</relationship>
	</object>
	<object class="SingleSound" id="{b576bbb9-41e6-41e9-a43a-d4eed8dff2e6}">
		<property name="length">
			<value>0.27008333333333334</value>
		</property>
		<relationship name="audioFile">
			<destination>{ef26928b-d1c0-4dc7-aac3-e6cff9773b23}</destination>
		</relationship>
	</object>
	<object class="EventMixerGroup" id="{26979852-d02b-441d-b5ce-f68aa78893ca}">
		<property name="name">
			<value>Audio 1</value>
		</property>
		<relationship name="effectChain">
			<destination>{53bee7bf-74d6-4349-8fc5-e931409da9e4}</destination>
		</relationship>
		<relationship name="panner">
			<destination>{3d2afdf3-a9f1-47bd-9546-750e84859b9b}</destination>
		</relationship>
		<relationship name="output">
			<destination>{2caca941-231d-4f48-8b4a-13e26b4a7045}</destination>
		</relationship>
	</object>
	<object class="MixerBusEffectChain" id="{e7dac167-488c-43be-b825-375cf6853c4f}">
		<relationship name="effects">
			<destination>{7ae9d9bd-6961-4ac6-8e16-e439e9176452}</destination>
			<destination>{a3117676-50ce-4145-9bfe-a18cad3109f1}</destination>
		</relationship>
	</object>
	<object class="MixerBusPanner" id="{3878ff96-5bb5-4952-82c6-11eaa2360c69}" />
	<object class="MixerBusFader" id="{93224d36-60f0-4c0d-8278-6a188980d979}" />
	<object class="MixerBusEffectChain" id="{53bee7bf-74d6-4349-8fc5-e931409da9e4}">
		<relationship name="effects">
			<destination>{2667b547-aca5-4fa5-bf1f-bc760b531c0d}</destination>
			<destination>{48850e43-7177-4c83-8f98-0b6a1b11abd3}</destination>
		</relationship>
	</object>
	<object class="MixerBusPanner" id="{3d2afdf3-a9f1-47bd-9546-750e84859b9b}" />
	<object class="MixerBusFader" id="{7ae9d9bd-6961-4ac6-8e16-e439e9176452}" />
	<object class="PannerEffect" id="{a3117676-50ce-4145-9bfe-a18cad3109f1}">
		<relationship name="automators">
			<destination>{5c779ff4-8f36-4606-beff-52fd93c5a7ff}</destination>
		</relationship>
	</object>
	<object class="MixerBusFader" id="{2667b547-aca5-4fa5-bf1f-bc760b531c0d}" />
	<object class="PannerEffect" id="{48850e43-7177-4c83-8f98-0b6a1b11abd3}">
		<relationship name="automators">
			<destination>{46ab2dc5-88a9-45c5-9a20-52fb3ccd45c4}</destination>
		</relationship>
	</object>
	<object class="Automator" id="{5c779ff4-8f36-4606-beff-52fd93c5a7ff}">
		<property name="nameOfPropertyBeingAutomated">
			<value>stereoPan</value>
		</property>
		<relationship name="automationCurves">
			<destination>{8f7b83bb-8082-4683-b263-d08de35d032c}</destination>
		</relationship>
	</object>
	<object class="Automator" id="{46ab2dc5-88a9-45c5-9a20-52fb3ccd45c4}">
		<property name="nameOfPropertyBeingAutomated">
			<value>stereoPan</value>
		</property>
		<relationship name="automationCurves">
			<destination>{4d80615c-50a2-42d1-805d-061ddff0081e}</destination>
		</relationship>
	</object>
	<object class="AutomationCurve" id="{8f7b83bb-8082-4683-b263-d08de35d032c}">
		<relationship name="parameter">
			<destination>{d2423bab-54a3-4f5b-aba8-05d498cfc847}</destination>
		</relationship>
		<relationship name="automationPoints">
			<destination>{a688f8eb-fbf1-498c-9670-de10f825f7de}</destination>
			<destination>{bbd82ae9-f025-4221-9440-130f1b2abe32}</destination>
			<destination>{53454d61-7063-4b57-a138-66c2399dd73a}</destination>
			<destination>{2e0ef591-9934-4edc-9310-e3dfba795347}</destination>
			<destination>{602fb4d1-b593-4c1d-84ad-a9607a003bc8}</destination>
		</relationship>
	</object>
	<object class="AutomationCurve" id="{4d80615c-50a2-42d1-805d-061ddff0081e}">
		<relationship name="parameter">
			<destination>{d2423bab-54a3-4f5b-aba8-05d498cfc847}</destination>
		</relationship>
		<relationship name="automationPoints">
			<destination>{24c5226c-8393-40d7-a502-8a5b5d37c0da}</destination>
			<destination>{3914cae9-77da-4480-be1a-bbbb562a8346}</destination>
			<destination>{aa149874-f562-4e99-9d5d-929285511b72}</destination>
			<destination>{a40aca30-ce8b-4af9-878f-ed84a9dd7200}</destination>
			<destination>{bc337a76-42fa-48ec-89dd-7eef16a5278f}</destination>
		</relationship>
	</object>
	<object class="AutomationPoint" id="{a688f8eb-fbf1-498c-9670-de10f825f7de}">
		<property name="position">
			<value>1</value>
		</property>
		<property name="value">
			<value>-45</value>
		</property>
	</object>
	<object class="AutomationPoint" id="{bbd82ae9-f025-4221-9440-130f1b2abe32}">
		<property name="position">
			<value>0</value>
		</property>
		<property name="value">
			<value>-85</value>
		</property>
	</object>
	<object class="AutomationPoint" id="{53454d61-7063-4b57-a138-66c2399dd73a}">
		<property name="position">
			<value>3</value>
		</property>
		<property name="value">
			<value>45</value>
		</property>
	</object>
	<object class="AutomationPoint" id="{2e0ef591-9934-4edc-9310-e3dfba795347}">
		<property name="position">
			<value>2</value>
		</property>
		<property name="value">
			<value>0</value>
		</property>
	</object>
	<object class="AutomationPoint" id="{602fb4d1-b593-4c1d-84ad-a9607a003bc8}">
		<property name="position">
			<value>4</value>
		</property>
		<property name="value">
			<value>85</value>
		</property>
	</object>
	<object class="AutomationPoint" id="{24c5226c-8393-40d7-a502-8a5b5d37c0da}">
		<property name="position">
			<value>1</value>
		</property>
		<property name="value">
			<value>65</value>
		</property>
	</object>
	<object class="AutomationPoint" id="{3914cae9-77da-4480-be1a-bbbb562a8346}">
		<property name="position">
			<value>0</value>
		</property>
		<property name="value">
			<value>-65</value>
		</property>
	</object>
	<object class="AutomationPoint" id="{aa149874-f562-4e99-9d5d-929285511b72}">
		<property name="position">
			<value>3</value>
		</property>
		<property name="value">
			<value>65</value>
		</property>
	</object>
	<object class="AutomationPoint" id="{a40aca30-ce8b-4af9-878f-ed84a9dd7200}">
		<property name="position">
			<value>2</value>
		</property>
		<property name="value">
			<value>65</value>
		</property>
	</object>
	<object class="AutomationPoint" id="{bc337a76-42fa-48ec-89dd-7eef16a5278f}">
		<property name="position">
			<value>4</value>
		</property>
		<property name="value">
			<value>65</value>
		</property>
	</object>
</objects>
