<?xml version="1.0" encoding="UTF-8"?>
<objects serializationModel="Studio.02.02.00">
	<object class="MixerReturn" id="{af4fc73b-d1b4-428b-a1b6-1f43520d13f6}">
		<property name="overridingInputFormat">
			<value>2</value>
		</property>
		<property name="name">
			<value>Reverb</value>
		</property>
		<relationship name="effectChain">
			<destination>{360746ac-c1cf-4d64-8ccb-e172e4b72311}</destination>
		</relationship>
		<relationship name="panner">
			<destination>{8131a753-8fbc-4272-b23d-f991dc225de7}</destination>
		</relationship>
		<relationship name="output">
			<destination>{1b6b6a82-bf71-4082-98c1-8f6de7f45229}</destination>
		</relationship>
	</object>
	<object class="MixerBusEffectChain" id="{360746ac-c1cf-4d64-8ccb-e172e4b72311}">
		<relationship name="effects">
			<destination>{977a0ee0-2b6e-4ea8-b6a9-d5077f45e170}</destination>
			<destination>{622357da-6496-49b1-81bd-7294914410c1}</destination>
		</relationship>
	</object>
	<object class="MixerBusPanner" id="{8131a753-8fbc-4272-b23d-f991dc225de7}" />
	<object class="SFXReverbEffect" id="{977a0ee0-2b6e-4ea8-b6a9-d5077f45e170}">
		<property name="wetLevel">
			<value>0</value>
		</property>
		<property name="dryLevel">
			<value>-80</value>
		</property>
	</object>
	<object class="MixerBusFader" id="{622357da-6496-49b1-81bd-7294914410c1}" />
</objects>
