<?xml version="1.0" encoding="UTF-8"?>
<objects serializationModel="Studio.02.02.00">
	<object class="AudioFile" id="{321f43ae-232d-441a-8e64-5ff8e55bce34}">
		<property name="assetPath">
			<value>stepsWood-11.wav</value>
		</property>
		<property name="frequencyInKHz">
			<value>48</value>
		</property>
		<property name="channelCount">
			<value>1</value>
		</property>
		<property name="length">
			<value>0.13800000000000001</value>
		</property>
		<relationship name="masterAssetFolder">
			<destination>{9317f74c-f380-401a-a8da-8807eb306907}</destination>
		</relationship>
	</object>
</objects>
