<?xml version="1.0" encoding="UTF-8"?>
<objects serializationModel="Studio.02.02.00">
	<object class="AudioFile" id="{c61c132d-687a-403a-bf11-f41915fed74f}">
		<property name="assetPath">
			<value>dishes-07.wav</value>
		</property>
		<property name="frequencyInKHz">
			<value>48</value>
		</property>
		<property name="channelCount">
			<value>2</value>
		</property>
		<property name="length">
			<value>0.96599999999999997</value>
		</property>
		<relationship name="masterAssetFolder">
			<destination>{9317f74c-f380-401a-a8da-8807eb306907}</destination>
		</relationship>
	</object>
</objects>
