<?xml version="1.0" encoding="UTF-8"?>
<objects serializationModel="Studio.02.02.00">
	<object class="AudioFile" id="{f490445d-d674-4f53-b95c-639db55cb233}">
		<property name="assetPath">
			<value>dishes-06.wav</value>
		</property>
		<property name="frequencyInKHz">
			<value>48</value>
		</property>
		<property name="channelCount">
			<value>2</value>
		</property>
		<property name="length">
			<value>0.81499999999999995</value>
		</property>
		<relationship name="masterAssetFolder">
			<destination>{9317f74c-f380-401a-a8da-8807eb306907}</destination>
		</relationship>
	</object>
</objects>
