<?xml version="1.0" encoding="UTF-8"?>
<objects serializationModel="Studio.02.02.00">
	<object class="AudioFile" id="{f5a9d1d8-15e8-42ed-9a8a-a814914fb406}">
		<property name="assetPath">
			<value>stepsStone-02.wav</value>
		</property>
		<property name="frequencyInKHz">
			<value>48</value>
		</property>
		<property name="channelCount">
			<value>1</value>
		</property>
		<property name="length">
			<value>0.25</value>
		</property>
		<relationship name="masterAssetFolder">
			<destination>{9317f74c-f380-401a-a8da-8807eb306907}</destination>
		</relationship>
	</object>
</objects>
