<?xml version="1.0" encoding="UTF-8"?>
<objects serializationModel="Studio.02.02.00">
	<object class="EncodingSetting" id="{6692c3f0-910b-4954-abad-be480ae971fe}">
		<property name="encodingFormat">
			<value>3</value>
		</property>
		<property name="quality">
			<value>37</value>
		</property>
		<relationship name="platform">
			<destination>{06f1e138-4ad2-4f5f-9bef-7bc82732a0d1}</destination>
		</relationship>
		<relationship name="encodable">
			<destination>{06f1e138-4ad2-4f5f-9bef-7bc82732a0d1}</destination>
		</relationship>
	</object>
</objects>
