<?xml version="1.0" encoding="UTF-8"?>
<objects serializationModel="Studio.02.02.00">
	<object class="ParameterPreset" id="{2ab1cc81-0936-48d5-9141-c41cc8a93391}">
		<property name="name">
			<value>ScreenOff</value>
		</property>
		<relationship name="folder">
			<destination>{4dc65ab3-93a3-48b4-a8a9-d94fc32e29e7}</destination>
		</relationship>
		<relationship name="parameter">
			<destination>{0a55d71f-9791-447e-b715-ea0fd7242dcb}</destination>
		</relationship>
	</object>
	<object class="GameParameter" id="{0a55d71f-9791-447e-b715-ea0fd7242dcb}">
		<property name="parameterType">
			<value>1</value>
		</property>
		<property name="maximum">
			<value>2</value>
		</property>
		<property name="initialValue">
			<value>0</value>
		</property>
	</object>
</objects>
