<?xml version="1.0" encoding="UTF-8"?>
<objects serializationModel="Studio.02.02.00">
	<object class="ParameterPreset" id="{d249629f-5246-4ee3-bc2b-5cdd7b82f13d}">
		<property name="name">
			<value>Distance</value>
		</property>
		<relationship name="folder">
			<destination>{4dc65ab3-93a3-48b4-a8a9-d94fc32e29e7}</destination>
		</relationship>
		<relationship name="parameter">
			<destination>{a5e57ec7-1ae0-4ae5-879b-dbea7eada083}</destination>
		</relationship>
	</object>
	<object class="GameParameter" id="{a5e57ec7-1ae0-4ae5-879b-dbea7eada083}">
		<property name="maximum">
			<value>150</value>
		</property>
		<property name="initialValue">
			<value>0</value>
		</property>
		<property name="seekSpeed">
			<value>44</value>
		</property>
	</object>
</objects>
