<?xml version="1.0" encoding="UTF-8"?>
<objects serializationModel="Studio.02.02.00">
	<object class="ParameterPreset" id="{d2950a8c-189b-42c8-bc54-667351aedbb8}">
		<property name="name">
			<value>Angle</value>
		</property>
		<relationship name="folder">
			<destination>{4dc65ab3-93a3-48b4-a8a9-d94fc32e29e7}</destination>
		</relationship>
		<relationship name="parameter">
			<destination>{f2c95384-2f31-4440-9f71-ca5cc15fb911}</destination>
		</relationship>
	</object>
	<object class="GameParameter" id="{f2c95384-2f31-4440-9f71-ca5cc15fb911}">
		<property name="minimum">
			<value>-180</value>
		</property>
		<property name="maximum">
			<value>180</value>
		</property>
		<property name="initialValue">
			<value>0</value>
		</property>
		<property name="seekSpeed">
			<value>35</value>
		</property>
	</object>
</objects>
